rating,category,text,review_id,date
1,delivery,Just ordered the Fiesta Chicken Bowl and it arrived 2 hours late. Unacceptable.,,
1,delivery,Just ordered the Fiesta Chicken Bowl and it arrived 2 hours late. Unacceptable.,,
1,wrong_item,multiple payment issues which they dont fix and instead give weird suggestions like turn off wifi and pay using mobile data. horrible app though food is good,846313d0-de9f-4e73-9abe-99d0a482656b,2026-07-11 13:10:08
5,other,Food taste is very good,33bd2126-e4c0-4b5b-b078-c244eb85c6f7,2026-07-11 10:44:02
1,food_safety,please fix the meal picker (swap meal) view....its really buggy and freezes. There's no reason for it to be that heavy...given the content on the screen/tabs. The app makes the phone unresponsive on this view...is this vibe coded? 👀,c75bf4b6-a1ae-4641-8f57-7bc6be589b0d,2026-07-07 13:13:02
2,other,really high price,ee957f99-0330-42c3-b1a7-a9d9e82bc44f,2026-07-07 04:58:46
5,other,Food is so much better now! And their app is easy to use,1141ef1f-1faa-45cf-bc10-cb981c9f434d,2026-07-01 00:55:23
1,other,Big Ethics issue with Calo. Unfortunately no customer services.,95572fb5-02ee-4934-8642-050babd3466a,2026-06-21 23:14:07
1,other,خدمه سيئه جدا مفيش رد بالساعات..+ عدم وضوح بالسعرات الحراريه بالوجبات و ارقام خطأ,610b6256-a05b-4a6d-b390-0f70fec4b256,2026-06-21 21:02:56
1,wrong_item,"I don't usually rate apps, but this one is a disaster, I ordered and the delivery should be the next day, it took two days, the delivery guy came and wanted me to meet him outside the building, didn't even want to come to the apartment. while I wasn't available. and he left with my order instead of keeping outside my door. what kid of delivery is that?",ea09cb2f-11d2-4f01-b6d2-518b3795ab13,2026-06-20 10:28:40
1,other,لازم تحط رقمك عشان تفتح و مفيش مصر و مقدرش افتح التطبيق اغبي تطبيق,b43648b2-25ee-49d8-8beb-8ab8188ba3fa,2026-06-15 17:34:22
1,delivery,the latest update made the app slower and the new meal UI is very bad,2c2ca083-269e-45ca-8628-ed36bb0252cc,2026-06-13 16:07:43
1,other,تطبيق فاشل كله يعلق و بطيئ ياليت تهتمون فيه اكثر,244a07f0-c9f4-48f9-8f2f-ed927fffc0b6,2026-06-07 10:35:30
2,other,الأكل ممتاز لكن التطبيق فيه إشكاليات وأيضا المفروض إنك تقدر تطلب من الموقع زي التطبيق.,524f885a-e9dc-49b4-885b-b3b7080c2076,2026-06-06 18:34:51
5,other,we need calo in iraq.,0cfb18a3-64cc-4027-a00d-70e413e780cb,2026-06-05 04:02:12
1,other,"I never post app ratings, but this app is so bad I felt the need to rate it. Can't even sign up.",9d4a1306-2081-4a09-94fe-a2b17f3d0205,2026-06-02 17:20:02
3,other,The app images on Play Store are misleading - there aren't vegetarian plans available.,874681a2-e2d7-47df-8531-878155993f97,2026-06-02 08:36:18
4,other,fix your app every time i put otp its says error,2a8ba517-6cc7-4ba2-9934-89186bc95ac5,2026-05-19 08:43:35
5,other,Good quality and variety,187ae91a-fc04-4d46-a779-f69429779cd1,2026-05-09 12:08:50
1,other,غالي يبي ٢٩ الف ونص عشان باقة سنة ليه الوليد بن طلال,944edfd7-3450-4aa2-b73e-1f42ae78e9e0,2026-05-05 14:03:40
4,other,فوق التقييم سواء خدمات التطبيق ، او جودة الوجبات ، ولكن لعل الاسعار تنخفض قليلا بشرط الا تتغير الجودة,10465237-ecda-4116-ae19-186c1adbd33b,2026-04-24 21:38:20
5,other,تطبيق رائع جدا وسهل الاستخدام من الوقت و جودة وتنوع الوجبات على حسب حاجت العميل راقي جدا وخدمة التوصيل,d125b357-9d2e-43ee-8c66-9eae44cc0449,2026-04-22 19:24:46
1,other,"I can't log in, how I can't cancel the meal during travel!!! I really hate IT",73bc40f1-a423-4a18-876d-a7d80133a13c,2026-04-19 08:21:49
1,other,قليلين ادب وليسوا كما بدأو ، السواقين كذابين وخدمة العملاء لا يردون عليك اساسا، كمية قلة أدب وكمية تقليل من احترام العميل كبيييييرة جدا لا انصح بالاشتراك معهم,266d231d-b197-4adb-b4a0-abaf018b2e46,2026-04-18 22:18:13
5,other,"This app is one of the best, if not the best, for healthy meal experiences.",86a3891d-2c29-4ead-85b4-829b1a1bf63d,2026-04-13 17:50:54
2,delivery,Terrible app for managing food delivery. If you want to change anything it usually ends in a support call. the support is good and usually resolved quickly. however this can become tiresome. A real shame as the actual food delivered is great.,87da09d7-e88b-49c0-8af9-0d04058fa3c7,2026-04-12 04:03:12
1,other,App is not working. Unable to renew subscription or pick meals,46ee036d-0e00-4cf7-8112-c13e4e068bf1,2026-04-11 10:22:22
1,other,I wish their app was as good as their meals. App is too slow.. too slow.. too slow,04d299dd-aa1f-4eea-b6b2-479f58824458,2026-04-11 01:43:00
3,other,"I love the food, and the customer service has been good. But, the technical issues with the app are becoming a real issue. The app constantly freezes when swapping meals. Three times contacted the service, and three times they said they will transfer the issue with team. Nothing happens.",ef4255ae-3f44-44f5-99d2-5d1b99385e83,2026-04-04 22:23:08
1,wrong_item,"horrible technical issues. App is a nightmare. However, if it works fine, Calo is all-round probably the best in the business. Trying to subscribe 1 year, tells me it's 2004 SAR /mo. (supposedly 24048 SAR/yr.) but the calculated total is 26052!! Was forced to renew with Mauzoon instead as the app crashed and logged me out and wasn't able to log back in again except after i deleted the entire thing and reinstalled",7dbe3217-58eb-49fc-83c9-0f3645edbcae,2026-03-31 07:33:29
1,other,the app is so badly designed. it crashes consistently when you try to swap meals.,8d9314f0-48bd-4d3c-80d1-94659ce52064,2026-03-24 08:13:29
5,other,I am surprised this app has such a low rating on the App store. it deserves at least 4/5 stars. it's a very practical app it gives you many options to choose from and it's very easy to swap meals. you can build your own meals. they have calo club which gives a very good discount. the support the super fast and they never disappoint you. they will always fix your problem and compensate you for any inconvenience. the meals are ok in general but the app makes Calo what it is.. I love it,75939539-818b-4080-b0db-b889a233eb6c,2026-03-18 20:39:02
2,other,change your CTO - you're getting hustled by the abysmal work your technical team is doing on the app!,4bc8ff8c-c1f4-4850-abf4-0175a238eeb8,2026-03-18 19:22:17
1,allergen,Calo has good quality food and its in house nutrionists helpful. 2 weeks ago the app stopped working and I could not cancel food delivery leading to wasted food and money. The technical team are unable to fix the problem leaving me with no option but to look around for a company that has an app that works,9d4bf683-429c-4117-a26b-82cff8a862c9,2026-03-12 02:55:59
2,other,"Performance of the app is abysmal! They are a good food plans provider, but the application's performance is unacceptably slow and laggy. Really annoyed..",2fd96713-2eac-4b11-ac6e-2825a1f069a5,2026-03-10 02:10:23
1,other,لازم تدفع عشان تشوف الأكل ؟؟,9d864fbb-1bca-42ad-a315-b8d4568ee7d8,2026-03-05 01:15:34
1,wrong_item,"The food they offer is delicious, the support available online when needed. BUT the app has sooo many glitches it's annoying and makes me want to cancel food subscription. If the app doesn't work well, just allow the same features through a browser instead!",ed673802-489b-45bb-b4c2-c7696c714349,2026-02-27 14:36:52
5,other,amazing app ever 👏 😍,fc6b9bc5-01dd-4dba-8bb6-25d0c9f9e349,2026-02-21 00:56:21
5,other,Good quality food with lots of options,20880b1b-fade-4dd5-909a-6b93e3fc41c9,2026-02-20 18:15:16
4,other,"some options that are put on the first page should be moved to the account, such as suspending order, or changing important thing by mistake.",c359283b-614d-4e91-9b6f-702d0f9956c9,2026-02-19 02:44:52
3,other,"the foods actually really really good. even their customer service is fantastic. I just have a major issue with technical issues of the app. it keeps freezing on the payment page. the customer service, only in this case, we're extremely frustrating. they kept saying they will ""raise the issue"" but nothing would ever happen after. then they would tell me to uninstall n reinstall which is an understandable advice but Lord help me it. never. worked. the problem stayed no matter.",85eab290-de35-4eb6-ad27-9a9dd7ddf231,2026-02-19 01:46:36
5,other,"amazing app, very creative and essy to use + attentive service! shout out to Reem from the chat team for saving me many times and making me feel so spoiled and special 🐈‍⬛❤️✨️",11d9a5d8-dd8b-4a1e-b92c-cba8dc93f8a6,2026-02-18 23:32:01
5,other,Best experience to loose weight and live healthier life💚 💚 💚,bda3b53b-e0d4-4d8b-9853-180d572201d5,2026-02-18 21:19:52
5,other,"CALO, The best Staff and the best pre made meals. there's competition but this American has tried the competition and all bless their hearts but CALO is no1 quality no.1 customer service, no1 in Love. Ramadan Mumbarak!",0c008866-4b09-4899-a96d-88d0afdc63fc,2026-02-18 20:44:16
5,other,"extremely user friendly app, not to mention how great their customer service is",f5e753e7-3360-480e-b205-30f0875b6c91,2026-02-18 20:18:24
5,portioning,"the best meal plan in the world!! the food is clean and healthy yet very tasty and big filling portions. and the employees are so polite and friendly and helpful. can not recommend it more, I'm their biggest forever loyal fan 💚",68e88ace-3e63-4d67-ac0f-95cabd4e04dd,2026-02-18 19:04:54
5,other,احسن تطبيق للأكل الصحي وافضل خدمة 🤩,89b315cb-98e6-4c9e-a70b-db57f09f4a85,2026-02-18 16:57:41
1,delivery,Not good. Food not delivered on time and driver lied about delivery then have to really push for full refund as try everything but this. Not good to be this unreliable when marketing self as food delivery service thay substitutes own food.,97adefe3-0b62-4890-b8ca-e22111247cbd,2026-02-17 15:07:57
1,other,not tasty food at all,81cb6ee0-9d1b-4995-aa8c-bb248f96441a,2026-02-11 19:42:49
1,other,I am unable to login today,3c289c64-dcda-4db4-9bd8-ed6727be6eb8,2026-02-08 20:11:58
1,other,"The app is not working, i cannot login,i never receive otp",b1b01780-4883-4276-8aa4-ebed26b20b3f,2026-02-03 20:09:18
2,other,لا يوجد جميع الدول,5dbbb890-75f1-4b1b-98e0-fcb651e5379b,2026-01-30 04:05:37
5,other,very healthy & you can monitor your diet plan...,f5a45636-5000-4107-9803-9580ed451c5c,2026-01-19 17:38:53
1,allergen,"even after the update, the app is painfully slow. it takes me 30 minutes to select meals! pls fix it!",754bf11b-5da1-4526-9383-2da38dde19f6,2026-01-14 10:51:49
3,other,The vegan options are pretty limited and there is no dark mode.,b43ec7cc-db34-43d2-9a3c-76c7097c8a45,2026-01-07 04:02:22
5,other,Calo is the best,e0f4bb7c-a1c9-4209-94bb-49b00c832980,2026-01-03 03:08:06
1,other,"Two caesar salads in one day. Food quality is too variable. sometimes it is ok, but other days I have to buy additional food to make up for how poor calo is. overall its not worth it and I wont use it anymore",8df2f754-e36b-4390-b70b-bac371e65859,2025-12-14 19:11:58
5,other,"It is easy and flexible to use along with variety of meals, I like it",b94b602a-3592-4f02-8b51-892133559120,2025-12-01 02:20:17
1,other,fraud company i took their service it's not worth it,e4e66915-6a20-4816-b5e1-5d16eff6c03d,2025-11-30 20:38:12
1,delivery,I subscribed to a meal plan and before start date confirmed with them delivery time. They didn't deliver on time and take no accountabity when I demanded a solution,746b7f6b-7b03-454a-9060-03d14e7f14c1,2025-11-23 12:32:25
1,other,i don't recommend at all as i was depending on him for receiving my meals but everytime he got delayed as they are depending on 1 vehicle for all meals,63d6a44b-e7c9-4149-9387-3123fd07d02a,2025-11-18 21:25:28
1,other,كله مشاكل تقنية طفشني,a3f3c761-83e1-42ec-acb2-787d872e1ade,2025-11-10 16:55:28
1,other,The prices are extremely expensive.,ab5fb681-4295-4bcb-87d5-3e6cbf7f1b5d,2025-11-06 20:24:36
5,other,This is one of the best meal app services I have paid for. I was really struggling with meals and had no experience with cooking which made me eat frozen food a lot but when I discovered a calo bag next to my neighbors door I gave it a try and it was amazing. the food is great and service is also good. I got to try many foods I never heard of and many delicious snacks. I am happy with everything calo has done and wish for this service to continue more. <3 <3,51ac2d34-9865-4dc5-8378-94608ae3902a,2025-11-02 17:47:10
1,other,Constantly freezes and crashes - the app is unusable,e54289fb-7837-4ef5-afa1-d36f34e62bf2,2025-10-30 20:06:10
1,other,just very unclear and confusing. used so many other subscription based services that have a much much clearer interface without even needing an app. this one is chaos and makes me not want to use the service,853853dc-9d3b-425a-9370-21dc06ee8a16,2025-10-27 19:52:55
1,other,you cannot see the menu without giving phone number,4f69f709-f495-465d-8e2c-de883050cfbc,2025-10-25 19:58:44
1,other,"lmao why are you already asking for my credit card and I haven't been able to survey your app yet? you're crazy. and btw, you dont explicitly ask for someone's birth day unless its for a good reason and its preferably transparent. + your stuff is too expensive.",386a68a2-904f-4c6f-b26c-8efe2930b8f6,2025-10-22 07:38:06
5,other,this so good food I like too much I feel good to uze,f368fdc5-d9ac-4cef-bb4c-9f4d191477da,2025-10-20 23:10:01
1,delivery,I asked to avoid beef and the delivered beef in breakfast Delivery was supposed to be morning they delivered the night before very bad experience the food was not that great too,3ed08133-eeca-4861-b525-81670457c07c,2025-10-14 16:06:52
1,other,the app is not working,5823bdb4-3ef7-47e2-98e3-44981c46379f,2025-10-11 16:50:29
3,other,التطبيق عالاندرويد كل شوي يخرب ولازم ارجع احذفه وانزله كل يوم عشان اختار وجباتي حدثوه مو طبيعي ما عدلتوه للان مع كثر الشكاوي.,5788e757-3d7e-4959-8cb4-70cf63365542,2025-09-24 05:11:58
1,other,"I wish I could give -1 star DO NOT order from Calo. Horrible service—missed my meals two days in a row, despite me giving the correct location pin. They refuse to refund. Totally unprofessional. Avoid at all costs.",741598d3-737c-4677-b7ff-61479377211b,2025-09-23 12:33:08
1,delivery,app keeps crashing. deliveries are consistently late. food is very nice however way too expensive.,c46432fe-8471-4554-ac93-becf3d1736de,2025-09-23 03:50:20
1,other,"Buggy application, it keeps crashing.",1a88fb4f-6d4f-4b61-9136-3ac978cdaa72,2025-09-23 03:31:39
1,wrong_item,"Avoid! Terrible service - half the meals were spoiled due to delivery issues (they're not refrigerated and the food was over 20 deg by 6am). Other days were missing meals or parts of the meals. Caused significantly more stress than it saves. Customer service is AI - they only offer more free days instead of refunding but because they can't get it right, you just waste your time and money. I guess the good reviews are from areas where they can actually operate (not South London)",ebea5c3e-096b-454e-99f4-951bcb1caf8f,2025-09-21 13:21:00
1,other,"The app is horrendous, buggy and almost unusable",ac4d1165-dad1-441a-b287-15c0199cd1a4,2025-09-20 21:50:26
5,other,Good Food and good quality I love calo,a1593108-3267-4239-b66c-f16d7fb844c9,2025-09-18 13:30:17
1,food_safety,"Calo's recent update has made the app difficult to use. I am unable to scroll through the food options, and the feature that shows my daily meal plan no longer works. Now, after several reinstallations, the app still doesnt let me scroll down. The new version also seems to have a bug that causes food to be skipped without my input. The app was great before, but it's currently unusable.",395e5544-fa80-4ed1-bfee-bbcb93bb671b,2025-09-17 13:01:33
1,food_safety,"meals are good, however the app itself is buggy, especially not registering swiping movements",668b8a80-47b0-4faa-b7cc-98507e1b1e79,2025-09-16 23:10:22
1,wrong_item,"The food is phenomenal but the app, it's horrendous. And when you try to get help they tell you to re-install instead of addressing the root issue of the awful app.",0c42b70c-1cc4-4d5b-ba83-9ee42fbf1c59,2025-09-16 16:23:30
1,food_safety,"I enjoy Calo meals and services. But the application keeps crashing on Android software and i struggle in choosing my weekly menu. Please fix this issue because i sent the customer service a complain about that a year ago, showing them a screen record of the system bugging as well.",4c1b1019-340a-441f-9f1d-f5c809045d82,2025-09-15 15:17:16
1,delivery,"Just can't scroll! since the latest update I can't scroll inside the app, I can't even click on market or account. How can I possibly amend anything or even pay for my weekly meals. Please repair immediately!",021e7269-5e40-48aa-a79e-988890ce8c86,2025-09-14 11:53:35
1,other,التطبيق يعمل فقط على جوجل وعلى هواوي لا يعمل. للاسف انا عندي هواوي.,230401d1-0256-415b-8ac5-33e107bb3908,2025-09-13 23:18:09
1,other,this app was good before but now even getting an answer to the most simplest question is a task. no one talks to you or answer your query. They have bots talking to you now and they just beat around the bush. its so frustrating,dfa2ea51-05e2-4cfa-9755-7b1cb67eae9c,2025-09-13 03:50:17
1,other,The app doesn't even allow me to login on Android.,21e64260-5c70-49f0-b02a-8dec41caa4fc,2025-09-12 15:23:57
1,other,last update doesn't let me scroll the screen,4c97a446-16e7-43e1-95c3-30d7f6a4305e,2025-09-12 07:51:09
1,food_safety,"the latest app update on Android is very buggy, making it almost impossible to pay or pick the food. I had to use my wife's iphone as the apple version is much more stable. since the app is the only way to interact with the service it obviously makes this app and by extension the service absolutely miserable. if the company restores the version of last year then maybe I would change my review.",ab56514a-d894-46c5-a77d-42d4008ff642,2025-09-11 14:01:04
1,other,"Clearly, you didn't make much effort to develop this application Update: The application gave up and never worked even trying to reinstall, and still, it did keep crashing",1ca1f71d-73c8-4fc9-8600-cbbc1c340847,2025-09-08 20:57:30
1,other,نزلته وازعاج اسجل بكل شي لازم حتى ما اقدر اشوف الكنيو كل شوي يطلب شي حتى تاريخ الميلاد شنو هذا مسحته بطلب من دلفري ابرك,74c76f02-5e7a-4f25-9345-07c070117c4a,2025-09-02 20:35:09
1,other,على اسعارهم العالية اشتركت متوقع خدمة واااو بس من اول يوم نكبه... سحبو علي ونمت جوعان,517ea9b6-b2c5-4bf8-a211-82f36076eb31,2025-08-31 23:51:35
1,other,trying to create an account or log in...keep getting red error msg. fix your app calo!!,62d620cf-f4f1-459f-9efd-24096514ad9e,2025-08-26 08:28:06
3,other,"Service of Calo is fantastic but the app is not good. Keep crashing, also take forever to load without actually displaying info. If app is also made good then probably will give 5 star.",109da9ec-ea75-4113-b66e-81075c8708f6,2025-08-25 20:54:42
1,food_safety,"honestly I like the meals and got onboarded from fresh fitness food. however, the app is so buggy and just does not work. making it really difficult to give this company money (the one thing you'd think would work). as of the latest update, can't even login. it's really broken my trust in a system I've used for over a year before they got acquired",f377bad2-a638-4a53-80a8-b2310294b42c,2025-08-15 22:28:23
1,other,الاسعار جدا مرتفعة و غير منطقية,f464740a-fa59-400e-bbbc-56edc75144f2,2025-08-15 21:31:42
1,other,can't even complete the onboarding as half the input fields aren't responsive/don't work. shocking when you're trying to charge £120 for 10 meals...,2d5c13b6-ded6-4068-ac51-bd12f7edad09,2025-08-12 01:29:17
2,other,أسعار غالية، شدعوه ريوق يبدأ من 80 ريال!,fc6173c7-9db7-4e05-9d38-331853f97399,2025-08-11 14:52:15
5,portioning,I really like the food taste my meals arrive early morning no late app is great so easy to put macros and swap meals if u dont like ur next meals u can arrange the whole week meals and swap the meal that you dont like i received 3 meals till now all are great !!,91143940-19fe-4b8c-a253-c16b7f34f8a5,2025-08-08 20:20:37
1,other,The food is good but the app and support are very bad.,aa0cd815-7cb6-4406-9208-02696ed9ecef,2025-08-08 17:46:12
5,portioning,nice meals and different variety and options. I just wish the price is a little lower,28068fad-bba8-4bcd-9001-2f9865534d54,2025-08-05 23:18:01
1,other,تطبيق فاشل واكل سيء 👎,bc52c45c-c66f-40c7-ae30-59bcc77fffbf,2025-08-03 00:29:16
1,other,bad AI customer service,1c90bf95-13c0-470f-9ae0-bbec82e31111,2025-07-29 15:56:38
5,other,best of the best ❤️,79471c5f-a1e4-4a53-b6dc-13c72adca2bb,2025-07-29 09:12:51
1,delivery,"I turned off auto-renewal, but the app still charged me without my consent. A discount code was shown but didn’t work. I was prompted to enable auto-renewal and declined. Despite that, I received an SMS a few hours later confirming a charge I never approved. There was no in-app confirmation, and no explanation. They refunded me only after I complained.",84cc9ccc-fc8f-46c6-bc08-21865deee609,2025-07-28 16:15:00
1,other,اشتريتُ سندويش بيض بسبب ألم بطني لدرجة اضطررتُ أن أصوم لأجل أن أريح بطني.,26b4702e-12f3-49f7-b5fb-7b9913d78c26,2025-07-26 05:26:20
1,other,they failed to deliver their service and after 1 week of requesting to refund my money they offered chesp offers with free 2 days and several messages they requested me to confirm that I accept to refund my money .. imagine after 1 week of my request to refund my money not recommended at all,6f114731-a7ef-4e81-abf6-122707f64454,2025-07-13 19:00:01
1,other,"i want fresh fitness food back, the app is rubbish",fa819983-3aed-4b77-ae60-1598cdeebb78,2025-06-16 02:47:30
1,other,التطبيق يقفل فجأة وفيه بطئ + بعض الصفحات متداخلة ولا تقدر تطلع منها الا بعد ماتقفل التطبيق وتفتحه,8240b28e-04dc-4530-becb-030248ea3b31,2025-06-16 01:57:57
1,other,حملت التطبيق عشان اشوف الأسعار.. طلبني ايميل وجوال واسمي وطولي ووزني!!! ابغى اشوف السعر ليه اسجل كل هذي المعلومات؟؟,d8815fa2-90d6-4f85-abbe-0cf533ff9780,2025-06-13 20:04:47
5,other,I think the food is delicious and healthy if you want to start a healthy life start it with calo👍,eedfb17c-da2e-4100-b967-840beaa7269d,2025-06-08 06:02:20
1,other,good food but absolutely unusable application!!!! fix this !!! slow and laggy. tried android and ios version and both are really bad!,299e1ed9-f033-4961-8edc-ae50bb1a71c6,2025-05-31 21:47:15
1,other,"I am from Egypt and I didn't, know how can I enter my phone number",c4e85a76-2802-4520-b155-64f9960e6e74,2025-05-27 01:24:21
2,other,"while the food tastes food, ALL the food is extra spicy...with no option to remove it??? which never makes sense to me...also in their high protein diet, its almost always chicken, no seafood anywhere...limited beef options and no lamb at all...I dont think I will renew my 1 month subscription when it is done",ee710dfb-79a9-4a54-9bc7-b4b516218fb8,2025-05-24 11:01:46
1,other,asks for a lot of personal information before you learn that the cost is eyewatering and completely uncompetitive.,1a51efc6-c41a-4594-8ea1-f929621c89cb,2025-05-22 00:32:45
3,other,كنت مشترك في كالو لمدة طويله نسبيا. المشكله ان وجباتهم فيها ثوم بشكل مستفز ولاينفع في للدوام. دايم اذكر ان الطلبات بدون ثوم لكن للاسف دايم تجي بثوم. بجرب تطبيق ثاني باذن الله,36e7d96f-5390-4283-b42a-7218b965cf51,2025-05-20 16:04:36
4,other,Food is good App has many issues Need to uninstall and install again for each login,bfbd07eb-9b7f-4d9e-9002-898be377ee75,2025-05-06 20:24:20
5,other,ابلكيشن سهل الاستعمال و الاكل عندهم جدا لذيذ و التواصل معاهم سريع، و دايما يشترون خاطري مشتركينهم علشان ما يخسرونهم احب ارجع لهم كل فترة,d752fd20-7bb4-430a-a1e3-64c082ea520d,2025-05-05 18:35:25
1,other,"It has a very long onboarding that by the time I got to the subscription, I zoned out.",08b6160a-213c-4cb3-99cd-1c71167d8c46,2025-04-30 14:29:38
1,other,"asking for too much data without showing their subscription plans, I think they sell their users' data",32b08349-16d6-43e3-840a-03db0581bd9b,2025-04-28 19:54:16
1,other,"terrible experience the food is not that good and god forbids you needed assistance, they don't reply to the chats promptly and there is no way to call them",a6367fec-f1c4-4b79-b2c0-b3a779d39399,2025-04-28 18:32:16
1,other,اشتركت اسبوع للتجربه واليوم هو اول يوم والانطباع سيء جدا اتفاجأ يوصلني الاكل بدون ملاعق او ادوات الاكل!! انا في دوامي ولا عندي وصول لاي مكان وعند التواصل مع خدمة العملاء يقول هاي خاصية لازم تفعيلها! صراحة وقت التسجيل ما طلعت معي وملاحظة للتطبيق نفسه مش مفروض تكون اختياري او لازم نضغط على تفعيل حتى توصل المشترك هذي من المفروض اساسيات معلش كلفو نفسكم شويه زياده! وطلبت منهم يوصلولي ادوات الاكل اليوم لكن يقولولي من بكرا توصلك بعد التفعيل والله كثر خيركم يا ريت في خدمة ييجي يردو الاكل لهم ما له داعي,2b823774-a818-491b-9b0b-6967e994c0f5,2025-04-27 10:51:01
5,other,"After trying their services for over 2 months, I can confidently say their meals are healthy and tasty that are in wide selection choices deliveried every day in top notch condition at VERY reasonable price especially if selected the three months subscription. I highly recommend Calo for those considering monitoring their calorie intake and want to safe time on meal prep and all the hustle that comes with. Plus a free gym membership that comes along with their 3 months plan at Fitness Time.",2296dc1a-284c-4015-a883-e777594fc04b,2025-04-24 23:42:09
1,delivery,"wors experience in my life, they made me hate my diet plan the food is below average. keep in mind I'm collage students, I'm used to eat from our college cafeteria, not the used to eat from fancy restaurants 2ndly and this the worst problem, the delivery schedule is not flexible as they advertise, they have delivery line, and deliver the meals according to the delivery line not according to your schedule, for the past month they contact me before I get back home unprofessional attitude",a7370128-57ff-4430-9bbd-5c999d37228d,2025-04-21 20:21:09
1,other,kicked me out then cant log in,db7f34bc-5afd-47f8-bae9-630c5238b646,2025-04-14 15:48:31
3,other,Now the apps always ask to reload..,54b598b0-7363-4949-b65f-edec9f5e7ae5,2025-03-11 17:36:39
1,other,Difficulty in registration because it is a specific application for some countries only,10ee4cd8-ecca-46c1-9354-273c5af18732,2025-03-06 16:08:42
5,delivery,Most user-friendly meal delivery apps to ever exist! And the food quality and hygiene is world-class!,6a4b914c-ca13-4533-9abb-eda1d4847614,2025-03-05 14:30:31
1,delivery,Worst customer service. They changed the delivery timings on their own without notice. I subsribe for lunch and dinner but they deliver it at 5pm! Who has lunch at such time. Three days in a row they missed deliveries. What a joke. Highly not recommended,c9d71fa1-80e6-4499-bfd8-dd0cbe1710b6,2025-03-05 08:49:59
1,other,Does not work in the UK,7f11bc3a-2981-40f1-aee9-93b6a9df39cf,2025-03-03 01:27:55
1,other,Fake offers very bad experience,7d78734b-5886-4af8-9e75-4024eeae2eb7,2025-02-26 16:38:56
1,other,This app is not working always crashing not a good experience,b667b1a8-3884-4e09-b084-a3cb84640979,2025-02-20 21:19:35
1,delivery,They have a problem with their delivery service! Customer support is unable to sort out the problem for 2 days. Really disappointing.,436e3466-9071-40b4-8541-009560b4cd83,2025-02-20 12:29:13
1,other,Very poor service they made me wait for entire day and nothing was delivered as they promised,2b205103-323c-419c-ab9c-2c931182d957,2025-02-19 23:11:23
1,wrong_item,"Horrible company. They keep messing up the delivery. I'm forced to speak to them everyday to try and sort out the delivery and to escalate either wrong deliver or the delivered food box is smashed. The app broker down for 2 days and they are not able to fix it. Delivery time the offer are ridiculous. Who delivers food and day before at night? The food is not fresh the next day for consumption. And if they will deliver it in the morning, its between 7 to 11 am and it's never before 9 am.",f395231b-5929-4b23-936f-7164ff5378cc,2025-02-13 16:16:43
1,other,"Can't sign up as I can't receive an OTP. Also, notifications use the word 'fam'. Cheap attempt at trying to appeal to malnourished teenagers. One more thing, they sell your personal data to third parties DESPITE you paying them.",333f0fef-3b0d-4ebd-9223-63aae7a0cf4e,2025-02-09 11:54:11
1,other,سيء و غالي جدا حتى يوم جيت الغي الاشتراك يقول 15 يوم و تجيك فلوسك يعني ما ادري وش ذا التعقيد. اضافة بعد اسبوع من التجربة بباقة ثانية و رأيي نفسه: الاكل سيء وغالي جدا و خدمة سيئة لا انصح فيه,04136d05-7de5-41cf-b5b9-c6ae6952c999,2025-02-03 21:18:03
3,other,"I'm not sure about the slogan of ""Make meal plans great again"". I'm sure there are many other carchy phrases you could use.",c438d0cf-f0c6-4597-8c47-ec648870d003,2025-02-01 22:38:30
1,other,"Food is great but service is extremely poor. App is pathetic, slow, unresponsive.",b1fcab08-fb7f-4611-a26a-81c6fd19f260,2025-02-01 22:19:32
1,other,"At first they were great. But then I mistakenly hit the plan button to check what else the plan had to offer and immediately charged me 4500SAR . I contacted the customer service, told them what happened and that I did not.want this service. I have never experienced an instant payment like this before ..and for so much money! They gave me typical AI/chatgpt asisted replies which added to the frustration. They then said it would take 3-15 days which is completely unacceptable. Watch for AI repl",dc206ed8-4ae2-466a-85a3-a7f45433fc8d,2025-01-25 08:52:53
1,wrong_item,"I can't log in and pop a message ""Something went wrong, please try again later""",819c8d64-7d14-4adf-9fed-3c26061a5c70,2025-01-16 15:08:07
1,other,You don't have the right to ask to turn off data control in order to sign in.,5feb933e-8cc7-45de-a492-2c2197c67668,2024-11-26 17:54:22
1,other,انا هنا اتكلم عن البرنامج فقط ماجريت الاكل، حاولت اكثر من مرة اغير الخطة من بناء عضل الى خسارة وزن لكن ما قدرت. او اختار خطة محسوبة السعرات خاصة في,50ec78ed-ab44-48a6-91b3-705a80ed7391,2024-11-24 10:09:22
5,other,The quality of their food plus the delicious taste are just PERFECT! Highly recommended ♥️,cc27affa-f557-4d4e-90d5-a7a572489124,2024-11-23 03:26:01
1,other,Unable to install the app,b5970f5e-7264-48b5-948f-945142b61688,2024-11-17 22:39:13
4,other,I want to recommend having high sodium diet to your list.,c7f1a19e-e980-4de1-82fb-5eff4f385e33,2024-11-09 01:46:18
1,other,مافي تغطية مدينة صفوى,a2661dc2-3c24-4398-b7ea-6f5c5004ba08,2024-11-01 00:07:08
1,other,You have to pay just in order to see the menu. Ridiculous tactic.,251d8541-50ae-4e46-a4c1-cab047ad1b45,2024-10-18 18:11:10
3,other,Shi be expensive 😭 tryna go on a diet not a in a debt bruh 🙏😭,14cabcc5-2d54-448a-8e2e-c264f4801e13,2024-10-16 04:57:25
5,other,Meal planners rarely deliver to uaq And honestly I love it. the nice cute phrases they have. I'm vegetarian but I love the food especially that I tried many companies before,3b4c01e5-9e7e-422d-8ccf-cda074e2ada3,2024-10-12 17:23:20
5,other,"Great, does the job .. alwayas on time .. clean .. worth every penny .. thanks",b7e336af-aee7-41e2-a06c-ef8ecc832219,2024-10-08 21:45:22
5,other,Nice work 👏 calo,1522126e-f454-480c-b258-1f473e6dc91e,2024-10-01 20:12:27
3,other,Bad not a good app,91a53335-4750-4e86-82d7-470016742ab5,2024-09-17 13:14:58
